latitude,longitude,confidence,surface_temperature_celcius
-37.623,149.323,51,38
-38.038,142.986,65,40
-37.95,142.366,92,70
-38.231,147.172,83,60
-37.903,145.25,53,44
-37.987,144.005,50,38
-34.289,141.712,67,54
-36.294,146.149,87,61
-36.285,146.151,81,54
-36.277,146.165,84,58
-36.275,146.154,86,60
-36.273,146.155,77,36
-36.284,146.145,100,54
-36.282,146.157,100,71
-36.293,146.148,100,52
-36.291,146.159,56,40
-37.635,149.303,52,47
-37.591,149.33,100,53
-37.59,149.31,51,42
-37.633,149.264,64,42
-37.585,149.336,100,54
-37.58,149.331,69,35
-37.583,149.316,100,49
-37.38,149.334,61,31
-37.602,149.295,62,33
-37.598,149.29,64,32
-37.596,149.319,84,38
-37.63,149.232,81,42
-37.644,149.233,100,55
-37.642,149.263,100,65
-37.634,149.237,100,71
-37.384,149.336,84,59
-37.389,149.311,73,50
-37.605,149.302,98,83
-37.627,149.261,81,57
-37.623,149.284,84,61
-37.6,149.325,99,86
-37.61,149.279,69,48
-37.637,146.288,60,42
-37.608,149.282,83,58
-37.62,149.294,87,63
-37.618,149.281,95,76
-37.61,149.296,81,56
-37.603,149.324,73,51
-37.602,149.311,81,55
-37.6,149.297,69,50
-37.382,149.341,64,41
-37.611,149.277,53,38
-37.608,149.292,100,55
-37.605,149.308,68,43
-34.282,142.121,52,54
-37.606,149.312,100,87
-37.605,149.326,64,44
-37.61,149.307,97,80
-37.609,149.32,99,84
-37.749,148.297,50,42
-37.946,144.342,84,60
-37.945,144.354,93,73
-38.141,143.183,68,46
-36.952,144.972,63,60
-34.965,142.031,70,55
-37.978,145.623,84,59
-37.976,145.649,88,64
-37.758,144.693,85,59
-37.862,144.175,87,65
-38.527,143.493,64,45
-37.332,143.375,64,46
-37.621,143.447,87,61
-37.614,143.451,81,53
-37.954,143.918,64,42
-38.167,143.841,51,38
-38.16,143.803,62,41
-36.942,143.282,63,53
-37.864,144.174,58,41
-38.912,146.272,56,48
-36.942,143.292,67,54
-36.94,143.281,89,69
-36.943,143.286,51,29
-36.941,143.268,80,37
-36.939,143.28,100,59
-37.863,144.17,86,60
-36.759,145.179,68,52
-36.758,145.19,62,51
-37.213,142.941,75,51
-37.479,143.358,85,59
-37.467,143.351,72,47
-37.477,143.352,100,93
-37.475,143.365,96,77
-37.719,142.154,63,41
-37.692,143.593,87,62
-37.69,143.605,97,80
-36.538,141.129,60,43
-36.543,141.138,72,48
-36.341,143.636,83,58
-36.346,143.631,71,49
-37.331,143.122,90,65
-37.329,143.136,89,62
-37.34,143.123,81,56
-36.748,144.168,62,44
-36.752,144.15,78,51
-36.759,144.158,86,60
-36.764,144.165,78,50
-36.765,144.176,74,47
-35.325,143.497,77,36
-35.321,143.502,100,48
-35.323,143.509,100,53
-36.156,143.568,67,42
-36.152,143.578,69,44
-37.297,144.384,72,38
-36.1,143.767,77,44
-36.098,143.735,88,59
-36.1,143.772,65,35
-36.098,143.74,92,67
-37.586,141.271,80,46
-37.588,141.259,82,50
-37.296,144.386,65,54
-37.287,144.392,79,49
-37.295,144.377,75,46
-35.364,141.063,72,54
-35.89,145.606,84,59
-35.889,145.614,82,56
-35.892,145.62,71,49
-37.247,141.27,94,43
-35.937,145.607,73,51
-37.247,141.278,91,68
-37.587,142.479,58,41
-37.805,144.15,82,55
-37.288,144.39,62,36
-37.294,141.232,100,87
-37.293,141.245,99,85
-36.851,148.117,78,46
-37.249,143.413,72,40
-38.127,143.82,96,77
-38.116,143.818,76,43
-37.245,143.426,78,44
-37.091,145.362,72,41
-37.087,145.363,91,42
-35.962,143.791,76,42
-36.498,144.877,77,46
-36.418,141.596,50,41
-37.38,148.053,80,46
-37.466,148.143,80,46
-37.472,148.119,85,54
-37.469,148.125,88,58
-37.461,148.109,69,33
-37.459,148.092,92,42
-37.236,141.176,68,37
-37.227,141.151,59,35
-37.242,141.153,77,43
-37.238,141.145,76,43
-37.365,148.052,90,63
-37.376,148.042,81,48
-37.375,148.054,82,49
-37.386,148.043,84,55
-37.384,148.056,90,63
-37.367,148.04,71,55
-37.471,148.091,71,50
-37.462,148.089,100,90
-37.46,148.102,88,65
-37.469,148.103,87,59
-37.229,141.182,73,39
-37.227,141.146,54,31
-37.466,148.1,50,29
-37.475,148.134,59,40
-37.47,148.089,83,50
-37.485,148.095,71,43
-37.477,148.097,85,61
-37.461,148.105,76,42
-37.456,148.11,68,40
-37.463,148.109,62,34
-37.453,148.111,100,54
-37.461,148.103,77,36
-37.368,148.05,79,53
-37.478,148.117,84,52
-37.467,148.127,89,61
-37.46,148.113,64,52
-37.453,148.099,78,44
-37.45,148.097,70,37
-38.226,147.167,82,49
-35.954,141.076,78,50
-35.961,141.089,83,56
-35.963,141.078,86,60
-36.275,142.785,72,45
-36.398,145.286,65,39
-35.953,141.078,79,49
-35.957,141.088,79,49
-37.087,145.37,64,33
-37.758,148.721,76,35
-37.561,148.032,73,34
-37.446,148.102,100,65
-37.448,148.114,72,59
-37.453,148.118,71,34
-37.457,148.143,90,41
-37.437,148.104,99,61
-37.434,148.091,70,52
-37.538,148.895,74,35
-37.333,148.099,94,43
-37.33,148.087,100,61
-37.327,148.083,100,47
-37.375,148.063,59,35
-37.336,148.073,82,38
-37.332,148.091,100,48
-37.363,148.06,100,48
-37.438,148.09,84,50
-37.406,148.123,100,88
-37.397,148.121,58,58
-37.452,148.115,68,77
-37.465,148.153,68,63
-37.45,148.126,64,69
-37.436,148.088,86,76
-37.444,148.101,73,66
-37.562,148.05,61,72
-38.5,146.938,74,40
-38.498,146.95,84,52
-38.495,146.944,56,53
-37.497,147.266,70,37
-37.57,148.034,86,56
-37.559,148.037,56,41
-37.379,148.126,58,82
-37.379,148.132,62,78
-37.434,148.123,100,56
-37.396,148.086,100,65
-37.406,148.088,100,48
-37.415,148.105,100,52
-37.425,148.107,100,50
-37.391,148.066,75,39
-37.399,148.081,100,84
-37.401,148.067,100,79
-36.984,148.25,50,35
-37.335,148.064,88,60
-37.347,148.019,61,36
-37.569,148.024,87,60
-37.585,148.032,80,50
-37.586,148.038,77,47
-36.996,148.228,70,40
-36.995,148.268,56,37
-37.554,148.073,63,37
-37.564,147.992,74,44
-36.012,141.341,71,45
-37.227,142.138,73,39
-37.228,142.146,76,42
-37.235,142.153,78,44
-37.246,142.143,89,60
-37.237,142.141,100,112
-37.238,142.13,73,42
-38.002,144.514,88,60
-34.2695,142.2025,80,54
-34.2838,142.204,84,58
-34.2803,142.1964,86,60
-34.2782,142.2253,81,54
-37.4421,148.259,56,39
-38.0173,144.0571,61,41
-37.4754,148.161,67,43
-37.443,147.3064,61,41
-37.7836,143.9688,58,40
-34.848,141.5002,54,41
-34.7919,141.6231,87,62
-34.8421,141.5266,71,45
-34.7872,141.6164,80,53
-34.8425,141.4933,63,42
-34.793,141.5898,63,42
-34.8006,141.6209,77,50
-34.7979,141.5966,77,50
-34.8368,141.5197,83,56
-37.5537,141.9264,74,63
-37.8519,147.2555,59,40
-37.4796,141.9403,94,87
-37.491,141.936,54,40
-38.3998,147.064,89,65
-38.3982,147.0509,78,51
-37.8641,143.4276,100,51
-37.8658,143.4162,92,43
-37.8475,147.2512,76,50
-37.8565,147.2532,71,46
-38.5194,143.4522,63,42
-38.5233,143.433,61,41
-37.8662,143.4082,83,56
-37.8644,143.4263,91,69
-37.8757,143.428,66,43
-38.4031,147.0701,69,45
-37.8067,141.7598,57,40
-36.397,142.254,84,52
-36.397,142.254,84,52
-37.067,141.379,69,36
-37.067,141.379,69,36
-37.333,143.534,88,58
-37.333,143.534,88,58
-37.886,147.207,50,28
-37.886,147.207,50,28
-37.062,141.373,53,29
-37.062,141.373,53,29
-36.779,146.108,61,32
-36.779,146.108,61,32
-36.834,142.524,78,44
-36.834,142.524,78,44
-37.858,143.428,81,48
-37.856,143.416,75,41
-37.856,143.416,75,41
-37.858,143.428,81,48
-36.4274,142.1944,71,46
-36.3674,143.7295,78,51
-36.3782,143.7313,78,51
-36.3774,143.7079,91,68
-36.3756,143.7243,100,88
-36.369,143.7132,97,80
-36.3799,143.7149,100,89
-36.7179,142.2536,70,45
-37.8387,144.6301,53,39
-37.3583,143.0203,66,43
-36.7084,142.7354,64,42
-36.2669,143.1906,61,45
-36.2693,143.1768,94,85
-36.3769,144.7505,55,39
-36.059,143.7718,69,44
-36.0201,143.7775,62,41
-37.6767,142.9892,62,41
-37.6662,142.9874,64,42
-36.009,143.185,72,39
-36.358,143.113,84,52
-36.701,142.538,86,56
-36.5775,142.6076,76,50
-36.1858,143.885,55,39
-36.0966,142.3635,86,61
-36.2111,141.505,68,44
-36.5794,142.5959,53,39
-36.1002,142.3405,96,78
-36.3096,142.7722,85,59
-36.2229,143.4245,61,41
-36.0279,146.0244,52,38
-37.1405,144.1375,81,54
-37.7052,144.6926,72,46
-36.2127,141.4938,78,51
-36.3114,142.7605,85,59
-36.4325,144.3142,90,67
-36.6851,141.6125,71,46
-36.6833,141.6347,86,61
-36.7685,142.7134,91,69
-37.4661,143.2419,58,40
-37.9243,144.1064,74,48
-36.7801,142.7151,91,68
-37.926,144.0898,85,59
-36.4422,141.427,54,39
-36.251,142.5651,59,40
-37.5865,143.0246,70,45
-37.5915,143.0015,75,49
-36.4553,142.8786,76,49
-36.6296,142.5191,70,45
-36.0005,143.1847,70,45
-36.2032,145.3025,64,42
-35.779,143.1057,65,42
-36.0459,143.8907,74,48
-36.404,142.5467,74,48
-36.4025,142.5598,83,57
-36.5507,142.5788,83,57
-36.6312,142.5058,62,41
-36.837,142.0391,77,51
-36.6732,142.5162,79,52
-36.6686,142.5195,82,56
-37.1815,146.7777,71,46
-36.3334,141.1515,60,41
-37.1875,146.8024,79,52
-37.189,146.791,85,59
-37.0585,143.8589,61,41
-36.6859,146.8907,59,40
-36.575,146.6668,56,40
-38.0427,141.0271,77,50
-37.903,141.0975,84,59
-38.0446,141.0458,75,48
-37.9004,141.0921,68,44
-37.9022,141.1109,81,55
-36.6396,146.8973,66,36
-36.8323,146.6635,80,53
-36.7889,146.6495,59,49
-36.4794,144.5752,63,41
-37.6198,143.0357,52,38
-36.606,141.8923,73,55
-37.4857,143.5322,58,40
-36.477,144.5887,100,101
-36.4767,142.0793,72,47
-38.3871,146.3082,78,51
-37.4976,143.1585,74,48
-36.7842,146.9658,53,39
-38.1647,144.0538,71,45
-36.4858,142.0815,76,50
-36.4909,146.7406,73,47
-36.5708,146.7537,76,50
-36.7783,146.6449,70,56
-36.7746,146.6642,91,68
-36.7855,146.6675,76,55
-36.8359,146.6448,96,78
-36.7871,146.9604,65,42
-37.5158,142.8257,64,42
-37.9085,141.1038,98,82
-37.7287,143.1682,61,41
-37.7379,143.1706,58,40
-38.4349,146.3122,100,93
-38.4792,146.3081,89,65
-36.5722,146.7572,85,59
-38.4412,146.3188,74,48
-38.4322,146.3208,61,42
-37.9077,141.1101,66,43
-37.9047,141.0945,100,90
-38.4888,146.5226,89,64
-36.1337,146.1243,61,41
-36.8431,147.5395,68,44
-36.8403,147.5354,69,45
-36.1369,146.116,64,42
-37.164,148.915,55,42
-37.1521,148.9446,66,46
-37.166,148.9436,75,49
-36.1841,145.1836,79,52
-36.1875,143.5158,53,39
-36.1887,143.4722,56,39
-37.2465,144.3795,61,41
-36.9826,143.6671,78,51
-36.4437,143.5726,64,42
-36.3987,142.6332,59,40
-37.4984,142.9739,93,73
-37.253,144.3681,96,78
-36.2993,143.2461,76,50
-36.3065,141.4495,69,44
-37.5074,142.976,66,43
-36.3636,141.3622,83,57
-36.9396,143.1462,92,70
-37.2622,144.3704,55,39
-36.3111,143.7704,69,44
-36.7159,141.4716,51,38
-36.5963,144.0066,51,38
-36.5738,142.3038,100,101
-36.4293,141.2933,84,58
-36.3387,141.7542,96,77
-37.2793,143.8934,87,62
-37.2512,144.3799,86,60
-38.0395,146.0486,83,63
-36.5828,142.3058,84,58
-36.4216,141.2799,60,40
-36.4317,143.0967,64,42
-36.2538,145.5929,63,42
-36.437,144.1478,66,43
-36.6217,142.0944,55,39
-36.3652,141.3508,66,43
-36.8241,145.1274,56,39
-36.3296,141.7522,63,41
-35.7542,142.5039,64,42
-36.3433,143.4369,100,94
-36.3728,141.3641,71,46
-36.4371,141.7692,74,48
-37.0167,143.8586,87,62
-36.345,143.4256,100,87
-36.7032,144.0992,90,66
-37.9308,144.3325,78,51
-36.4348,141.3,78,52
-36.3019,146.4343,67,43
-36.3638,143.9086,71,46
-36.3542,141.0935,63,41
-36.4277,141.3047,79,52
-36.3362,141.4973,78,52
-35.6785,143.5077,57,39
-36.6755,141.5039,68,45
-35.4591,142.062,74,48
-34.5019,141.3528,71,46
-36.1648,143.3362,77,55
-36.301,143.2349,70,45
-36.3156,141.4514,84,57
-36.3402,141.7429,96,77
-36.3971,142.6444,69,44
-36.3704,143.0191,76,49
-36.4226,143.0946,56,39
-36.674,141.5154,80,53
-36.5661,142.2956,89,65
-36.5646,142.3068,52,48
-36.5754,142.2926,100,111
-36.3073,144.2678,70,45
-36.7126,141.6358,64,42
-36.4347,143.5704,63,42
-36.7217,141.6378,83,56
-36.7536,141.6092,70,45
-36.7611,141.6048,68,44
-36.5664,142.9892,65,42
-36.5648,143.0004,82,55
-36.6483,142.4878,60,41
-36.5023,143.6038,85,66
-36.4617,144.6381,70,48
-36.8616,142.8025,90,78
-36.86,142.8137,66,45
-36.3119,146.4371,69,44
-36.7215,144.1037,86,60
-36.6463,144.7594,59,41
-36.6288,144.8682,72,47
-36.6664,144.7828,82,55
-36.8221,145.1397,78,52
-37.2794,143.5903,51,44
-37.2777,143.6017,83,56
-37.1402,144.6153,86,61
-37.2811,143.8819,66,43
-38.0372,146.0616,90,67
-38.049,146.0513,94,74
-38.0468,146.0644,100,110
-34.4929,141.3558,71,46
-35.4666,142.0749,89,65
-35.7632,142.5059,72,47
-36.0411,141.7071,69,44
-36.0396,141.7183,95,76
-35.9903,142.2708,69,45
-36.4058,141.5175,72,46
-36.1631,143.3475,70,45
-36.7018,143.1431,81,54
-36.2775,146.1026,94,74
-36.3178,145.9308,86,60
-36.3831,145.7276,71,45
-37.446,142.8978,72,47
-37.4444,142.9091,71,45
-38.0219,141.2238,76,62
-37.7481,143.4151,64,42
-38.0361,146.0567,100,90
-38.038,146.0685,76,49
-36.4212,141.2381,75,49
-36.1431,143.5499,100,102
-36.4365,145.845,72,46
-36.3254,144.3638,95,77
-36.353,144.5977,50,38
-36.4489,144.1445,69,45
-34.9917,141.8885,52,49
-36.4032,144.0604,69,45
-36.0816,145.859,100,98
-36.3011,145.9395,76,50
-36.3883,143.7526,56,39
-34.9938,141.876,100,120
-36.1532,143.5527,100,90
-36.5513,144.1473,66,43
-36.3636,144.4821,81,55
-36.4837,142.6042,83,63
-36.6361,144.5124,66,43
-36.4763,142.5887,74,51
-36.0097,141.7625,85,60
-36.3742,144.4851,75,49
-36.0077,141.7747,100,93
-36.4005,144.0756,78,51
-37.9378,144.3115,87,62
-37.1999,143.6425,62,41
-36.4477,145.8352,81,54
-34.9959,141.8635,53,49
-34.9843,141.8736,53,48
-36.4403,145.826,86,60
-36.2972,145.9588,84,57
-36.391,144.5747,85,60
-36.3712,144.5011,87,62
-36.3606,144.498,84,58
-36.0828,145.873,94,75
-36.075,145.8501,78,51
-36.1404,143.5643,100,113
-36.1411,143.5727,78,51
-36.1462,143.5438,74,51
-36.174,142.737,79,52
-35.9979,143.6803,82,56
-36.5541,144.1321,91,69
-36.8399,142.6291,57,39
-35.708,143.7987,50,38
-35.6819,143.5275,91,69
-35.6846,143.5129,82,55
-36.3148,144.3607,75,49
-35.6871,143.5235,90,68
-36.3832,143.7566,68,44
-36.304,143.7445,59,40
-36.591,141.7194,55,40
-36.8377,142.642,68,44
-36.1506,143.5671,100,95
-35.7108,143.7836,86,60
-36.0518,141.6846,63,42
-36.3984,144.0271,85,60
-36.7321,143.1978,54,46
-36.5375,146.0866,64,42
-37.82,145.9954,83,57
-36.358,144.4905,70,45
-34.9194,140.9678,66,43
-37.4671,145.9962,93,73
-36.4061,143.0987,64,42
-37.9742,141.1855,78,51
-37.4688,145.98,87,62
-36.5509,144.1143,76,50
-37.9774,141.2029,67,50
-36.2911,141.1664,90,67
-36.2842,141.1741,96,79
-36.3492,140.9727,88,63
-36.7218,141.6411,89,65
-37.3656,141.3903,84,78
-36.1188,145.156,65,42
-36.4179,144.2924,94,75
-35.4173,143.2041,54,39
-36.3207,140.9737,92,70
-36.3493,141.5238,70,45
-36.3909,141.1843,54,39
-36.2882,141.1821,99,86
-36.3153,140.9789,91,69
-36.1271,145.1541,75,48
-36.4169,144.2994,97,81
-36.422,144.2761,80,53
-36.4713,144.4747,58,40
-38.5657,146.438,70,45
-38.5675,146.4563,68,44
-36.8094,142.8885,96,77
-38.0765,143.9516,79,53
-35.1175,141.1396,84,58
-37.4522,142.9279,71,46
-36.7937,141.3669,66,43
-37.687,143.4397,88,64
-36.3455,141.5655,75,49
-36.2359,141.3007,55,41
-37.5657,143.0689,100,103
-36.587,142.87,65,42
-35.2312,141.0149,71,45
-36.3933,144.1287,87,63
-36.8142,142.8947,86,60
-36.9299,142.9671,71,46
-37.6518,142.9159,83,57
-36.9731,143.9437,69,44
-37.8323,147.2232,84,68
-36.7532,141.7986,63,42
-36.9664,142.1561,81,55
-36.7227,144.5374,77,50
-36.6258,142.9987,64,42
-36.0236,143.2158,67,43
-37.4574,142.9354,59,40
-37.3317,143.822,57,41
-36.6329,142.9903,57,43
-36.884,145.8938,66,43
-37.5263,143.0882,56,53
-37.7006,143.2124,75,48
-36.5741,143.8891,74,48
-36.2455,141.3205,62,43
-36.5757,143.8756,82,55
-37.7461,142.7369,56,39
-38.2853,145.9519,98,83
-38.2375,142.8363,98,82
-36.797,141.3621,82,55
-37.4463,142.7829,92,70
-38.5214,146.4027,84,57
-37.4366,143.1352,74,48
-36.2443,141.3069,86,61
-36.7954,141.3483,83,56
-36.4312,143.9942,71,46
-38.294,143.7227,60,41
-37.4381,143.1201,78,51
-37.2068,142.9226,76,49
-37.6659,143.186,61,41
-37.7506,142.7265,63,41
-37.6854,143.4543,95,76
-37.7637,143.4072,73,47
-37.959,143.5497,60,40
-37.3655,148.2821,85,59
-38.0189,143.6406,68,44
-38.0781,143.9374,80,54
-38.0881,143.9391,99,84
-38.0866,143.9534,96,78
-38.2391,142.82,92,71
-38.2481,142.8381,68,44
-37.8158,147.2077,80,53
-38.5123,146.4007,100,89
-38.5138,146.3889,76,49
-38.293,145.966,65,43
-38.2946,145.9538,74,48
-38.2838,145.9641,80,53
-37.8339,147.2118,100,113
-37.8265,147.1984,76,49
-36.9827,141.4064,62,41
-36.9647,142.1729,74,48
-36.7185,144.5427,81,55
-36.754,141.7932,64,42
-36.7212,144.5501,86,60
-36.9315,142.9519,80,53
-36.9054,143.9176,81,55
-36.7988,141.3436,71,46
-36.5886,142.8549,55,39
-36.9748,143.9369,55,39
-37.3456,141.1885,87,62
-36.8084,145.9198,67,43
-37.3405,141.1927,84,58
-37.2549,142.7719,53,38
-36.1672,145.8389,81,54
-36.1687,145.8275,68,44
-36.3355,144.5241,51,38
-36.3371,144.5115,76,49
-36.4944,141.8992,58,40
-37.1749,143.9573,69,44
-37.3025,143.4635,52,39
-37.3009,143.4777,52,39
-36.3438,141.5832,96,78
-35.9423,145.0943,79,52
-35.9438,145.0824,78,52
-37.2991,143.4681,77,51
-37.4373,142.7654,87,62
-36.2715,141.0081,86,61
-36.2341,141.3188,57,41
-37.4357,142.7813,94,74
-37.3233,143.8061,76,49
-36.2646,141.0021,82,55
-35.7421,142.5634,60,40
-37.4479,142.7671,87,62
-37.3333,143.8079,75,48
-37.4304,143.1275,60,47
-37.459,142.9198,54,39
-36.8158,142.8794,66,43
-37.4732,143.1877,74,48
-37.4716,143.2027,75,49
-37.5005,143.1305,79,52
-37.4988,143.1458,85,59
-37.5529,142.9882,79,52
-37.5553,143.0672,78,53
-37.5673,143.0535,69,44
-37.522,143.4742,71,46
-37.6158,142.6931,76,49
-37.597,143.0741,52,38
-37.5954,143.0895,80,53
-37.5867,143.6256,99,85
-37.527,143.4752,81,39
-36.2685,141.0912,60,40
-36.0195,141.6772,71,46
-36.6519,142.8362,57,39
-36.2635,141.1145,58,40
-36.3488,141.148,81,54
-36.6497,142.8306,51,38
-36.0841,141.1426,60,40
-36.2748,145.7718,59,40
-36.2727,145.8181,74,47
-36.2779,145.7794,72,47
-36.2761,145.8256,53,43
-38.3849,146.6745,55,39
-36.3182,141.6684,64,42
-36.2306,143.6408,93,72
-36.4001,143.1512,59,40
-36.4183,141.6816,87,62
-35.9225,143.5451,66,43
-36.3012,141.163,70,45
-36.3492,145.9333,73,47
-36.3864,141.3034,80,54
-36.4532,143.1564,83,56
-36.3493,145.8723,86,60
-36.4226,141.6752,69,45
-36.4168,141.6939,91,68
-36.2396,143.6427,79,53
-36.4547,143.145,74,48
-36.4196,141.6999,76,50
-36.1963,145.194,72,46
-36.0744,146.688,51,38
-36.2756,145.811,50,39
-36.2848,145.8133,100,101
-36.2829,145.825,100,115
-36.3511,145.9216,79,52
-37.5304,143.4714,77,50
-36.4211,141.6875,97,81
-38.4068,147.0682,69,44
-36.5134,142.4682,70,53
-36.5152,142.4765,73,58
-36.1214,143.7078,59,40
-36.2936,145.1053,73,47
-36.0914,145.0299,78,51
-36.7317,142.0162,64,42
-35.6138,143.8666,91,68
-36.5141,145.0292,62,41
-36.3011,141.5705,59,40
-36.0885,145.0359,95,76
-36.3193,145.9162,96,78
-36.0889,145.0443,85,59
-36.0652,146.0764,98,82
-36.2961,144.861,57,39
-36.0682,146.0602,100,90
-36.2861,144.8582,66,43
-36.6892,145.5397,75,49
-35.33,142.4127,83,57
-37.7889,143.1324,92,71
-37.7772,143.1222,70,45
-36.6139,143.501,95,77
-36.2558,143.6443,81,54
-37.547,142.9081,51,42
-36.4251,142.2216,58,40
-36.1147,147.4958,87,63
-36.4426,140.9954,84,57
-37.9509,143.9599,95,76
-37.5406,142.9301,59,46
-36.3086,141.135,82,55
-35.9839,143.6719,57,47
-36.2987,141.1294,79,52
-36.2542,143.6256,52,38
-36.7145,143.471,78,52
-36.2523,143.6509,74,48
-36.4528,141.0038,82,55
-36.7072,143.4655,72,46
-36.4425,141.1907,75,48
-36.3596,141.0646,53,38
-37.5576,143.5687,82,56
-36.6224,143.5092,97,80
-36.3452,145.8969,64,42
-36.686,143.8575,71,46
-36.3617,141.0269,71,45
-36.6118,143.5275,77,50
-37.785,143.092,56,41
-36.0786,144.229,78,51
-37.8254,143.3904,62,43
-36.1369,141.8122,75,48
-36.2966,141.1662,54,39
-38.0933,143.9824,96,78
-37.7068,141.3149,76,50
-36.663,142.8567,92,71
-36.6963,141.8645,79,52
-36.5489,143.1093,60,40
-36.8202,141.802,80,54
-36.6248,142.2042,71,46
-36.4195,141.2093,60,42
-36.7063,141.8673,59,40
-36.343,143.3324,80,53
-36.3256,141.095,72,47
-37.7714,142.8339,77,50
-37.6982,143.0549,94,73
-37.4621,143.0869,75,48
-36.3911,141.1262,73,47
-36.7187,143.805,95,76
-36.2185,141.5941,80,53
-37.5991,143.1517,87,62
-36.7742,145.1991,100,89
-36.943,141.863,50,40
-36.3484,141.4983,61,41
-37.7741,142.8188,77,50
-36.3164,141.1475,62,41
-36.4379,141.3392,87,63
-36.5177,144.5711,52,40
-37.7011,143.0393,81,54
-36.5642,142.5943,51,38
-36.5061,144.5675,91,68
-37.032,143.4464,69,44
-36.4361,141.1724,84,58
-38.4378,146.6124,82,55
-36.4035,140.9935,100,95
-36.3736,143.8447,61,46
-36.0963,145.6162,68,44
-36.5077,144.5817,73,47
-36.4309,141.1436,80,54
-36.2239,144.6922,82,55
-37.5915,143.1328,81,54
-37.6953,143.0704,59,40
-36.4315,141.1987,76,49
-36.4286,141.1567,99,84
-36.4402,141.3259,87,61
-36.8059,142.9103,50,38
-36.3635,142.2809,91,68
-36.664,142.8802,100,87
-37.956,143.5461,77,50
-36.6564,142.8615,91,69
-36.0959,145.6233,50,38
-36.5607,144.1913,80,53
-37.5811,143.1297,72,46
-38.4398,146.6093,81,54
-36.4057,140.9806,100,119
-36.3815,143.8529,58,45
-36.9455,141.849,77,51
-36.4384,141.7444,81,55
-36.3711,145.8311,59,40
-36.3268,142.3643,53,38
-36.767,142.6811,55,39
-36.2257,144.2904,72,46
-36.0169,141.6868,80,53
-36.3489,141.4916,55,39
-36.3661,145.8545,83,56
-36.8452,142.2483,64,42
-36.2933,141.6923,84,58
-36.6657,143.1675,93,72
-36.0144,141.7008,51,38
-36.2957,141.6783,77,50
-36.4438,145.8052,71,46
-36.6669,142.8645,100,110
-36.0133,141.8094,61,41
-36.7544,141.5341,60,40
-36.2417,143.6232,74,48
-36.448,145.7893,72,47
-36.6535,142.8771,74,48
-36.2218,141.3385,56,39
-36.2833,141.6896,68,44
-36.7338,144.5479,66,43
-36.2209,141.5804,67,43
-36.8742,142.7177,98,84
-36.3257,141.0896,78,52
-36.6601,142.8724,100,108
-36.8714,142.733,77,50
-36.7751,145.1696,91,68
-36.3168,141.1422,66,43
-36.2394,143.628,73,47
-36.3278,141.082,54,39
-36.3961,140.9781,91,69
-36.3939,140.991,66,43
-36.7708,145.1908,100,98
-38.4025,146.6501,76,49
-36.6173,142.1868,83,56
-37.8701,142.8066,78,51
-37.758,143.179,98,82
-37.7609,143.1633,94,74
-36.5116,144.562,89,66
-36.4338,141.1856,100,112
-36.803,142.9261,92,70
-37.7505,143.1601,78,51
-36.5493,144.1879,87,62
-36.6146,142.2013,77,51
-36.4399,141.0914,59,40
-36.4143,143.272,89,65
-37.0434,142.001,54,41
-36.049,143.175,65,42
-36.0399,143.6437,60,40
-36.7153,143.8226,99,86
-36.4207,141.6093,67,43
-36.3295,142.3494,84,58
-36.8791,142.7261,100,93
-36.7786,145.178,100,105
-36.7038,141.8813,70,45
-36.7309,142.3633,100,88
-36.882,142.7108,92,70
-36.3739,141.108,78,51
-37.6403,142.8696,74,48
-36.055,144.605,54,39
-37.6456,142.6646,53,39
-37.5334,143.0587,57,41
-36.3462,143.3157,73,47
-37.5135,142.7238,93,72
-36.2121,144.6885,94,74
-36.8237,141.4881,84,58
-36.8261,141.4747,52,38
-36.334,144.0309,62,41
-36.228,144.6721,56,39
-36.2206,144.6856,97,80
-36.7904,141.7938,74,48
-36.788,141.8077,86,61
-37.3466,143.123,66,43
-38.4395,146.6166,77,50
-38.0132,146.5269,88,73
-37.6143,142.958,76,49
-38.0148,146.5413,87,71
-37.8412,147.2536,100,87
-37.8429,147.2691,96,78
-37.7177,143.2919,61,41
-38.0233,146.5253,94,103
-36.5454,144.7402,100,96
-36.5039,142.8384,74,48
-36.3557,145.5993,79,52
-36.6088,145.2514,100,115
-36.7593,142.895,92,69
-36.3441,141.5806,62,41
-36.3753,146.6914,57,40
-36.3051,143.1445,54,39
-36.3851,141.8256,82,55
-36.7597,142.9068,73,48
-35.4603,143.5411,86,60
-36.7483,142.9052,76,54
-36.0574,141.5856,84,57
-36.1247,145.1437,71,46
-36.3435,141.5513,90,67
-36.6595,143.8887,72,46
-36.0555,141.6071,100,104
-37.5583,142.9318,71,46
-36.4952,143.971,100,110
-36.1021,145.7792,74,47
-36.6942,143.8021,93,72
-36.1961,141.6376,52,38
-36.3584,145.9225,64,42
-36.3459,141.5586,100,91
-36.6072,145.2651,86,60
-36.3526,146.3686,72,47
-36.1603,141.2905,59,40
-36.1267,147.6711,68,44
-36.4046,141.1534,93,73
-36.6612,143.8726,76,50
-36.3891,141.0253,68,44
-36.8763,142.7266,68,44
-35.4619,143.5251,58,40
-36.0594,141.5907,96,79
-36.0576,141.6122,100,94
-36.1614,141.2978,72,47
-36.2549,141.9908,69,44
-36.2531,142.0113,70,45
-36.1629,143.093,78,51
-36.3415,141.5733,88,64
-36.3884,141.0322,65,42
-36.0106,144.9927,73,47
-36.4173,141.1549,84,58
-36.3973,141.8273,76,49
-36.388,141.8309,93,73
-36.081,145.5175,85,60
-36.094,145.7646,90,67
-36.0925,145.7774,84,58
-36.1036,145.7664,87,63
-36.0205,146.4492,71,46
-36.5153,142.8401,77,50
-36.4969,143.9552,51,39
-36.4936,143.9868,72,46
-36.36,145.9097,84,58
-36.4208,145.5629,75,48
-36.5438,144.7548,99,84
-36.3511,146.3809,50,38
-36.7501,142.8867,56,49
-36.6537,143.8781,95,76
-36.2476,147.5281,55,39
-36.7124,143.8381,71,46
-36.8691,142.7205,79,53
-36.8781,142.7074,78,51
-37.0908,143.906,71,46
-38.1917,147.0745,100,94
-38.1873,147.0702,79,52
-38.1987,147.0666,95,76
-38.1913,147.0894,58,40
-38.2026,147.0856,81,54
-36.3126,145.8104,76,63
-36.309,141.4964,75,48
-36.3028,141.5016,65,43
-34.339,142.2459,63,41
-37.4786,141.4578,70,45
-36.8725,143.4125,77,50
-36.9363,143.0852,94,103
-36.3401,143.0453,77,52
-36.2929,142.9282,55,39
-36.1144,142.9724,63,41
-36.0063,142.4512,62,41
-36.2731,143.1668,82,55
-36.9664,143.4752,82,55
-36.2913,142.9408,80,54
-36.9303,143.1034,70,72
-36.9318,143.0907,100,122
-36.3195,146.0601,83,77
-36.5839,143.0588,100,99
-36.5854,143.0462,100,94
-36.3863,143.339,82,62
-36.3014,143.203,95,76
-36.3029,143.1906,74,48
-36.2493,143.1244,79,52
-36.1128,142.9849,85,59
-36.9348,143.098,87,117
-36.3332,145.8594,87,90
-36.272,145.5501,74,48
-36.3235,145.8568,59,51
-36.5511,146.7819,56,34
-36.6995,142.9146,82,56
-36.7063,142.0025,54,39
-36.704,142.9089,78,51
-36.1926,146.3074,70,45
-37.6865,148.5154,66,50
-36.7621,143.8879,72,47
-37.6505,149.2134,68,44
-37.6775,148.5131,86,78
-36.8383,143.9358,73,47
-37.6684,148.5109,94,108
-37.7105,148.6047,77,56
-37.2142,148.822,55,39
-36.8373,146.1811,100,50
-36.8299,146.1897,91,43
-36.8357,146.1961,100,55
-36.3045,141.0771,74,48
-36.3114,141.0499,68,44
-36.9077,142.6861,88,64
-36.9111,142.692,93,72
-36.9175,142.6639,77,50
-36.8147,142.8375,74,48
-36.8679,142.7328,59,40
-36.8081,142.8665,70,45
-36.4188,141.0484,58,40
-37.5115,143.14,99,86
-36.3094,141.0543,78,51
-36.9521,143.0574,73,47
-36.9454,143.0869,73,47
-37.5181,143.1111,100,101
-36.3066,141.0728,81,54
-37.722,148.6026,62,47
-37.732,148.6059,87,62
-36.8871,145.1536,84,58
-38.4685,146.673,59,40
-36.8922,145.1252,60,40
-37.769,147.94,93,72
-36.0799,146.0784,77,50
-36.0829,146.0621,88,63
-36.1303,146.3606,90,67
-37.7615,147.9169,67,45
-36.8079,145.1409,63,42
-37.7783,147.9284,85,60
-36.8846,145.1679,79,52
-37.2341,149.1736,80,53
-36.9189,147.5603,63,52
-36.1345,146.351,98,84
-36.9246,147.5559,87,62
-36.085,145.9096,64,42
-38.1301,143.9398,88,63
-37.7087,145.5499,69,45
-36.5865,145.2081,100,111
-36.8702,144.0381,73,47
-36.1586,145.6666,99,85
-37.8672,143.8194,74,48
-36.5956,145.206,78,51
-37.2197,148.8134,77,50
-36.5847,145.1968,96,78
-37.6997,145.5519,89,64
-37.932,146.1845,61,50
-36.6407,144.2957,76,50
-36.1569,145.6554,63,41
-36.6363,144.3033,54,40
-37.2212,148.8262,76,49
-36.7388,145.8792,80,39
-36.7498,145.8699,83,40
-36.759,145.8719,81,39
-37.7021,145.5536,88,42
-35.9187,143.9828,79,52
-37.4385,143.6244,60,44
-36.5123,144.4448,79,53
-36.8515,146.1707,71,46
-37.8934,143.34,73,51
-36.5125,144.4496,87,62
-37.175,148.9347,51,40
-38.0771,144.2044,52,38
-37.876,143.7804,89,65
-36.1546,141.8146,88,74
-36.5104,144.4674,88,64
-37.4756,145.6779,72,46
-37.9091,143.5105,87,70
-36.5107,144.4722,84,58
-36.9199,143.0507,82,56
-36.0064,146.4606,63,41
-36.1559,141.8102,80,66
-35.9326,143.9772,57,42
-36.3735,147.3154,86,61
-36.2724,146.4168,60,44
-37.9071,143.538,100,88
-38.0229,143.749,73,47
-36.0047,146.4774,64,42
-38.1403,144.2187,84,58
-38.0171,143.7532,77,51
-37.6841,147.5667,58,40
-37.3902,148.2955,100,98
-37.7856,143.4095,67,43
-37.5027,146.347,100,95
-37.5043,146.3299,100,93
-37.4854,145.7008,64,44
-37.4737,145.6985,67,43
-37.2166,143.8674,50,38
-36.9733,146.0788,57,40
-36.6141,146.6331,78,57
-36.914,143.0283,88,64
-36.6217,145.2537,75,49
-36.634,144.5408,73,47
-36.3631,147.3135,73,53
-36.309,145.6878,64,42
-36.1964,144.5217,93,72
-35.9316,143.9843,84,58
-35.9197,143.9757,85,59
-36.6801,141.7315,65,48
-36.6778,141.7388,76,49
-36.6756,141.708,63,57
-36.9654,140.981,69,44
-38.0631,143.6433,68,46
-37.4514,142.9998,86,61
-37.6646,142.9131,82,56
-36.6707,143.8452,78,51
-36.5223,144.5934,70,45
-37.4022,143.2016,69,45
-37.6397,142.5968,91,68
-36.4469,142.4565,69,45
-37.7893,142.7953,58,40
-37.0135,143.5822,69,44
-37.4983,145.55,62,48
-37.6267,142.9993,90,66
-36.6204,145.4205,86,60
-38.1187,143.7662,76,50
-38.1665,143.062,100,124
-37.8077,142.5193,85,59
-37.3526,143.9342,75,49
-36.7422,141.8511,66,48
-37.579,144.1483,55,39
-36.3585,141.5686,72,47
-36.5871,144.4958,93,72
-36.6665,141.7502,77,50
-36.1048,145.5791,80,53
-36.2618,141.8783,89,65
-37.7208,142.9624,82,58
-36.6828,144.784,90,66
-36.807,144.3933,63,41
-37.1286,141.7076,74,48
-37.4843,143.0592,89,66
-34.9057,142.0623,68,51
-37.9881,143.5436,66,43
-37.136,141.7239,68,44
-36.8299,142.2781,82,56
-36.9912,142.0122,81,55
-37.7349,142.6477,79,53
-37.8051,142.5339,73,47
-38.0427,146.3979,78,56
-36.381,145.5436,80,53
-37.7905,143.1764,74,47
-37.7194,143.3497,70,45
-37.1262,141.7213,88,63
-38.1536,144.1275,77,50
-35.7866,143.4796,59,46
-37.0411,142.996,77,51
-37.7303,142.9382,71,46
-36.925,143.9798,57,41
-37.9049,142.8528,59,47
-36.1581,142.7434,65,43
-36.9045,141.9823,100,113
-37.6593,142.6655,83,56
-36.2851,145.8,88,64
-36.5577,145.3929,88,64
-37.7751,143.0494,86,61
-37.7274,142.9536,94,73
-37.6964,142.8583,91,69
-36.7448,141.8369,85,59
-37.6868,142.3949,59,40
-36.9206,141.0574,73,47
-38.0509,143.9423,98,82
-36.1021,146.6853,52,42
-37.9284,143.108,92,70
-37.1216,141.8644,79,52
-37.6674,142.2687,65,42
-37.7181,141.6962,62,41
-37.5701,142.6497,100,94
-37.7785,143.1232,64,43
-37.4322,143.1602,69,45
-37.8025,143.4677,77,50
-36.526,144.7931,63,42
-37.7134,143.3818,85,59
-37.0595,142.8366,80,53
-37.9538,143.1487,62,41
-37.9171,143.2873,72,46
-36.9887,142.0263,78,51
-36.7101,142.3865,90,67
-36.7348,141.8343,73,47
-36.6704,141.3197,69,45
-34.8892,142.0679,76,49
-37.4903,143.5786,57,40
-38.1693,143.0466,93,73
-38.0574,143.6523,64,42
-36.7128,142.3717,95,77
-37.4885,142.0658,97,81
-36.7689,141.1047,82,55
-37.591,142.593,77,51
-36.9908,141.2448,61,41
-36.932,141.9456,79,53
-37.8189,143.2016,72,46
-36.4428,145.5639,63,43
-36.5378,144.7969,82,55
-37.9199,145.8475,76,49
-38.1159,143.7887,67,61
-37.8084,143.1985,54,46
-36.902,141.9965,86,60
-36.7101,142.981,77,68
-37.0959,143.8206,89,65
-36.7302,141.6234,81,54
-36.4147,141.0669,56,39
-38.5533,143.4927,74,50
-37.9594,143.5638,100,87
-37.9625,143.5474,84,58
-36.8689,141.9507,70,45
-38.1748,143.0552,69,44
-38.0261,143.5208,73,47
-37.4634,143.053,72,46
-36.5921,144.4905,98,82
-37.7126,141.6103,76,50
-38.0525,143.64,65,43
-37.908,143.2177,71,47
-37.4543,142.9843,86,61
-37.7815,143.1338,84,58
-37.6974,142.9716,77,50
-37.9748,143.2451,76,50
-36.801,144.0114,70,45
-36.6026,144.48,64,42
-36.438,145.5865,81,54
-37.7993,142.5267,74,48
-36.6787,144.8042,96,79
-36.8902,141.6511,73,47
-36.1112,146.5388,67,43
-36.834,141.9115,71,46
-36.3374,141.041,76,49
-36.9171,143.4749,62,41
-37.7168,149.1369,77,50
-37.7211,149.1342,73,47
-38.0423,146.4048,84,66
-38.5484,143.4804,88,64
-37.9373,146.0744,56,39
-38.1758,144.489,67,50
-38.2234,143.9549,56,39
-38.1539,144.1343,56,44
-38.1584,143.9822,72,47
-38.1293,143.9548,73,47
-38.1185,143.9514,71,46
-38.1224,143.7553,94,73
-38.1124,143.7998,85,60
-38.1219,143.7495,70,51
-38.0898,143.7394,69,47
-38.0401,143.9388,87,61
-38.0792,143.7361,94,93
-38.036,143.9012,67,45
-38.0392,143.8842,66,45
-38.1719,143.0705,68,44
-38.1616,143.0674,100,114
-38.0605,143.6358,75,49
-38.1562,143.0589,87,62
-38.0907,143.2362,69,45
-38.0248,143.469,78,51
-38.0278,143.4528,62,43
-37.9913,143.5272,64,42
-37.9424,143.722,67,43
-37.9775,143.5868,61,41
-37.9388,143.7329,66,43
-37.9718,143.2609,59,40
-37.9176,143.43,63,41
-37.9157,143.3544,93,72
-37.9187,143.3385,81,54
-37.9052,143.3512,85,60
-37.9201,143.2715,72,46
-37.9318,143.2083,69,44
-38.0372,142.6306,64,42
-38.0398,142.6159,87,62
-37.8643,143.5099,64,42
-37.8918,143.364,76,50
-37.9255,143.1236,68,44
-37.8857,143.2777,63,41
-37.8294,143.5162,75,49
-37.8326,143.4999,100,120
-37.8188,143.5129,81,60
-37.8375,143.4153,52,39
-37.8635,143.1986,57,39
-37.8947,142.8497,76,49
-37.8218,143.1858,82,56
-37.8114,143.1827,81,54
-37.9284,142.5465,78,51
-37.9184,142.5436,50,42
-37.7935,143.1606,96,78
-38.0524,141.6738,76,49
-37.5816,144.1369,58,40
-37.7756,143.1388,90,67
-37.8774,142.5932,84,58
-37.7787,143.1494,68,44
-37.8704,142.5842,74,48
-37.778,143.0339,77,53
-37.7648,143.0462,76,50
-37.7676,143.0307,65,42
-37.7129,143.0307,57,39
-37.7331,142.923,66,45
-37.7171,142.9505,91,68
-37.7236,142.947,94,73
-37.6629,143.1587,74,48
-37.7002,142.9562,100,89
-37.7376,142.6328,77,50
-37.6345,143.1335,57,39
-37.6606,142.9932,64,43
-37.6861,142.8552,65,43
-37.7409,142.5558,82,56
-37.637,143.0024,74,48
-37.6514,142.9253,75,48
-37.6543,142.91,86,61
-37.662,142.6505,75,49
-37.6498,142.5997,92,70
-37.5243,143.0437,60,40
-37.5963,142.5999,68,46
-37.3544,143.9291,69,44
-37.5728,142.6348,100,98
-37.4872,143.0435,81,54
-37.5025,142.9011,73,47
-37.4352,143.1444,100,96
-37.441,142.9966,65,42
-37.4439,142.9811,71,46
-37.4479,142.9012,80,53
-37.4508,142.8859,72,46
-37.4429,142.8928,86,60
-37.4007,142.7674,69,44
-37.4984,142.0686,54,40
-36.8022,145.2616,74,48
-37.0856,143.8728,71,45
-37.0827,143.8836,72,47
-37.0927,143.8311,80,53
-37.0961,143.8138,80,54
-36.9951,143.913,68,44
-36.9986,143.8953,68,44
-36.742,144.8955,52,38
-36.9285,143.9622,66,43
-36.6158,145.4424,100,101
-36.9139,143.9765,54,42
-36.923,143.8106,70,45
-36.6946,144.7875,100,117
-36.6952,144.7228,84,57
-36.6991,144.7033,65,42
-37.0623,142.8211,80,53
-36.9203,143.4581,58,40
-36.7898,144.008,64,46
-36.99,142.9147,76,49
-36.4368,145.5913,75,49
-36.4417,145.5688,77,51
-36.9205,143.0889,67,43
-36.9413,142.9777,89,64
-36.9442,142.9619,86,61
-37.1168,142.0096,87,62
-37.1193,141.9956,81,54
-37.1719,141.5775,71,46
-36.2283,146.3102,65,42
-36.5828,144.5775,92,70
-36.5987,144.4995,96,79
-36.5911,144.4764,72,46
-36.7887,143.4841,51,38
-36.3757,145.5589,65,43
-36.5328,144.7883,79,52
-36.5882,144.51,83,56
-36.0952,146.6759,74,48
-36.9242,142.5602,81,54
-36.2825,145.7491,73,47
-36.3405,145.4751,67,43
-36.5262,144.5737,98,84
-36.6672,143.8631,79,52
-36.8786,142.6908,82,56
-36.5024,144.3542,80,54
-36.0278,146.5623,77,50
-36.8705,142.2896,76,50
-36.4944,144.2113,82,56
-36.9221,141.9429,79,52
-36.9071,141.9682,66,49
-36.8946,141.9795,65,48
-36.6995,142.978,95,76
-36.993,141.2317,67,43
-36.4844,143.9663,66,43
-36.9609,141.3607,77,50
-36.9632,141.3474,81,54
-36.8879,141.6647,93,72
-36.7564,142.343,56,41
-36.0924,145.5751,67,47
-36.1021,145.5294,67,47
-36.7149,142.3934,65,47
-36.7204,142.3638,76,50
-36.0942,145.5705,61,53
-36.8207,141.6407,74,48
-36.1029,145.0695,66,43
-36.7667,141.1177,68,44
-35.9082,145.3761,69,44
-36.3115,143.3581,65,42
-35.8768,145.4627,100,86
-36.4899,142.2805,93,73
-36.4925,142.2657,74,48
-36.663,141.3038,93,72
-36.2723,143.3823,67,43
-36.4441,142.4715,80,53
-36.6509,141.3144,79,52
-36.0806,143.7614,63,42
-36.2207,142.8519,76,49
-36.3597,141.9724,65,42
-36.4466,141.2471,51,40
-36.1864,142.4106,77,51
-36.2517,141.8756,59,43
-36.2692,141.0705,58,40
-36.0895,141.7446,74,48
-36.092,141.7306,94,75
-34.8996,142.0708,84,58
-34.9023,142.0557,89,65
-34.8919,142.0529,75,49
-35.9701,145.7061,71,46
-37.2627,141.8114,70,45
-36.7439,141.8553,71,46
-37.8598,142.5722,74,48
-36.2637,145.3649,91,69
-37.2609,141.7999,89,66
-37.0126,142.2225,74,48
-36.9193,141.068,75,48
-36.91,141.0704,93,73
-36.5956,144.7405,74,48
-36.9038,141.0661,70,51
-34.8634,143.1811,60,43
-35.9498,145.6229,54,41
-36.7362,142.1063,74,48
-36.2652,145.3769,92,70
-37.6069,141.4724,58,40
-36.738,142.1177,95,77
-36.908,141.0584,73,48
-34.8544,143.1831,74,48
-38.0326,141.5413,83,56
-38.0308,141.5296,72,46
-36.4622,142.4773,83,57
-35.9435,145.6489,78,51
-37.0669,145.3677,63,42
-36.8866,141.0714,73,47
-37.0682,145.3607,81,55
-34.8295,143.179,62,53
-36.7721,142.4219,62,46
-36.3269,144.0871,67,43
-36.7239,141.0154,70,45
-36.3947,141.4285,83,57
-34.8404,143.1806,78,55
-36.8975,141.0971,61,43
-37.0685,145.354,56,39
-36.7219,141.0396,82,56
-37.7545,142.1449,74,48
-37.8277,142.6216,79,52
-37.1378,141.9545,81,54
-36.4437,141.5916,58,45
-36.433,141.5953,75,49
-36.5199,144.7311,95,77
-36.8847,141.0956,87,62
-37.7504,142.1373,53,39
-37.6638,142.8268,73,47
-37.0782,145.3625,91,68
-36.5233,146.7436,63,42
-36.3591,141.0682,86,61
-37.9378,142.541,55,39
-36.0434,143.1899,58,40
-36.2377,141.1427,73,47
-36.3966,141.406,94,74
-36.9199,145.8429,75,48
-37.1396,141.9328,68,44
-37.1349,141.9491,90,67
-36.3253,144.1026,72,47
-36.7228,142.3699,84,58
-36.4333,141.5977,65,43
-36.4355,141.5901,72,46
-36.1552,141.7256,80,53
-36.1574,141.7206,83,57
-36.1725,141.7246,73,47
-36.7708,143.5545,83,57
-37.1369,141.7668,87,61
-37.2904,143.9209,55,39
-37.0459,142.7207,58,40
-36.7194,143.5593,50,38
-37.1253,141.763,80,53
-36.7313,141.7398,83,57
-36.2938,145.6237,63,42
-36.7651,143.5801,91,68
-36.8103,142.5022,77,51
-36.8308,141.3743,78,51
-36.8346,141.3552,86,61
-36.7354,141.7577,66,43
-36.7395,141.7372,72,46
-36.7622,141.0228,72,47
-36.3588,141.5272,65,42
-37.3723,143.8406,52,42
-36.7001,141.7567,55,39
-36.5049,143.775,66,43
-36.9329,143.7796,98,82
-36.8254,143.5602,67,47
-36.2098,143.927,77,50
-35.8276,143.7549,99,85
-36.6589,141.2755,69,48
-36.7223,143.9213,73,47
-37.0038,142.1629,68,44
-36.4673,145.7291,79,52
-36.1586,146.3329,66,43
-36.3326,142.8706,74,47
-36.8004,142.4415,66,52
-36.8377,143.4624,64,42
-37.4532,143.1093,87,61
-35.9342,141.9444,94,113
-36.1831,142.0764,80,53
-36.798,142.4482,69,44
-36.6605,141.2603,81,55
-36.4115,144.0755,79,52
-36.2375,143.4093,82,55
-36.6833,142.8296,65,42
-35.9326,141.958,78,66
-36.4956,143.7732,82,56
-36.7445,143.3254,70,45
-36.1401,146.0217,68,44
-36.3311,142.8832,82,55
-36.669,144.6148,88,63
-36.6876,145.2888,84,58
-36.5906,143.1693,86,61
-36.6892,145.2775,91,69
-36.73,143.935,89,65
-36.3489,145.3342,52,38
-36.8283,143.4605,100,93
-36.5069,144.7323,81,54
-37.0054,142.149,75,48
-36.589,143.1818,76,49
-36.2083,143.9386,81,54
-36.6527,142.7392,97,81
-36.1898,145.0922,96,78
-36.1484,141.3879,70,48
-36.239,143.3972,100,116
-35.4941,143.4974,78,51
-35.8261,143.7665,100,111
-36.6599,144.6129,68,44
-36.8298,143.4483,96,79
-36.9954,142.1472,81,55
-36.9938,142.1611,77,52
-36.6615,144.6014,100,90
-36.8238,143.5724,93,73
-36.8332,143.5742,73,47
-36.1815,142.09,78,52
-36.9887,142.6515,82,55
-37.1228,141.7389,59,41
-36.7315,143.9232,67,44
-36.9345,143.7675,87,61
-37.0636,145.3614,82,55
-37.0719,145.3572,76,49
-37.0704,145.3684,75,49
-37.4506,143.102,79,52
-37.4935,142.8492,77,52
-37.8937,147.1785,51,38
-36.5053,144.7437,100,110
-36.1937,143.5674,63,41
-36.5985,143.1836,100,103
-36.4501,141.2288,72,56
-36.102,146.2785,80,53
-36.739,141.0745,80,54
-36.1988,145.0941,100,100
-36.2929,144.1411,71,46
-36.7499,141.3006,75,99
-36.3523,141.0283,82,55
-36.3414,141.0295,64,42
-36.3551,141.0343,71,46
-36.7817,142.4872,72,46
-36.0757,142.3606,87,62
-36.7459,141.2912,71,55
-36.7432,141.3296,84,79
-36.536,144.024,77,50
-36.7531,141.3253,84,78
-36.7394,141.3203,76,63
-36.533,144.0183,78,51
-36.0374,143.8136,86,61
-36.7943,143.9571,99,84
-36.0375,143.8172,87,63
-36.7957,143.9652,100,87
-34.2432,142.0625,79,52
-36.0902,143.8394,65,42
-36.9498,142.2012,96,78
-36.1941,143.1604,93,72
-36.4142,143.1077,100,97
-36.9381,143.4883,86,60
-36.1924,143.1716,92,70
-37.8865,143.3048,68,44
-36.5414,145.4159,70,45
-37.5687,143.2121,62,41
-36.0295,143.6409,89,65
-36.836,142.5466,80,53
-36.1722,144.0317,89,64
-36.0667,146.0308,85,59
-36.7845,141.4518,86,60
-36.8248,142.625,72,47
-37.7359,143.0108,68,44
-37.0761,141.0574,100,89
-37.8775,143.3027,81,54
-35.0616,141.4417,93,73
-36.3999,144.737,100,88
-37.1009,141.9666,69,45
-36.5234,145.4642,79,52
-36.9211,143.6017,69,44
-36.7771,143.5148,81,54
-36.6152,142.4911,84,58
-36.1748,145.7582,91,69
-36.0691,145.7797,99,85
-37.6177,141.2662,76,49
-38.211,143.9122,64,42
-35.1949,141.0622,90,66
-37.7576,142.465,59,40
-36.7377,141.3299,77,50
-36.91,141.2705,100,96
-38.0505,142.4791,57,40
-36.6667,143.7526,71,45
-35.8071,142.7318,89,66
-37.7851,141.4593,52,38
-36.7787,141.4449,97,80
-37.9075,142.6403,62,41
-37.8345,142.447,50,38
-36.2201,141.6938,79,53
-36.3426,146.0382,77,50
-37.7871,142.718,70,45
-37.6089,142.8706,76,49
-36.1734,141.3646,72,47
-35.8164,143.8854,88,63
-38.0812,143.2335,80,54
-36.4113,141.1671,82,55
-37.5318,143.4615,80,54
-37.9511,142.9859,72,46
-36.0723,141.3605,72,46
-36.599,144.6498,76,49
-36.8573,143.5278,69,45
-36.2229,143.1554,78,52
-36.2948,141.3486,98,82
-38.1561,143.7846,89,65
-36.8846,141.8786,89,64
-37.8185,142.5609,90,66
-36.4464,141.0436,86,61
-37.5332,143.1385,71,47
-37.6762,142.9735,72,46
-36.3479,145.5258,81,55
-37.0098,143.8599,72,47
-37.0207,141.4778,63,41
-36.2391,142.2226,76,49
-37.6857,142.8532,59,40
-37.077,143.604,74,48
-37.2709,143.9659,69,45
-37.5632,142.2864,69,45
-37.5316,143.1498,77,51
-36.4306,141.5645,74,48
-34.2576,141.7374,78,52
-35.0979,141.2438,74,48
-37.9808,143.8485,81,54
-35.0691,141.4546,80,56
-35.7625,143.3433,88,64
-36.1771,145.7451,100,93
-36.3305,146.049,65,46
-38.0132,143.2528,68,44
-38.027,142.3844,100,95
-36.3017,145.6213,71,46
-35.7642,143.3321,89,65
-37.7269,143.0087,100,114
-36.3857,143.2983,84,58
-38.0643,143.6616,57,43
-37.9898,143.8507,67,43
-36.429,141.5759,90,67
-36.1346,145.2196,92,71
-37.0745,141.0692,100,120
-37.9072,141.9183,79,53
-37.013,141.5355,78,51
-37.0899,141.0238,100,90
-37.0884,141.0357,81,55
-37.0667,143.0582,69,44
-36.3328,146.0355,79,53
-34.5374,141.7141,81,54
-37.0046,141.8047,75,49
-36.827,142.5446,75,49
-37.1926,143.8095,100,102
-37.6836,142.6069,77,50
-35.2881,142.5679,80,53
-36.096,146.5016,75,49
-37.5268,143.0551,71,46
-36.5548,142.5237,70,45
-36.3823,141.3146,95,77
-36.1462,145.2096,90,66
-36.8741,143.91,71,45
-36.5243,142.0839,93,72
-36.1704,144.0433,84,58
-36.0313,143.6296,72,47
-37.0684,141.0437,71,45
-37.6593,143.3445,78,52
-37.7836,141.4711,60,40
-37.1104,141.828,77,50
-37.4551,143.7902,76,49
-37.618,143.0013,98,82
-36.8867,142.1873,90,66
-36.8948,142.3282,76,49
-36.9364,143.4996,92,70
-36.9085,141.2821,77,50
-37.3847,142.8935,100,88
-36.778,145.1635,69,45
-36.9817,143.5051,100,113
-37.8276,142.7573,73,47
-37.8088,142.2291,80,54
-37.6008,143.0558,69,44
-36.5871,144.961,86,60
-35.6374,142.3787,100,95
-36.8835,142.2098,90,67
-36.4125,143.1189,100,92
-36.2212,143.1666,76,49
-36.6511,143.915,88,64
-36.9194,143.6131,76,50
-37.0669,141.0556,97,80
-36.6516,141.4943,74,48
-37.8147,143.1062,75,48
-36.0714,145.7665,92,71
-35.0889,141.2419,81,55
-36.279,141.6716,81,54
-36.8264,142.6138,77,50
-37.6745,142.9848,75,48
-37.8072,142.2406,100,101
-36.0856,144.233,73,47
-37.4437,143.4924,72,46
-35.0722,141.4325,76,53
-37.2757,143.8126,63,42
-37.8928,146.1906,100,107
-36.6368,144.8346,77,50
-36.2933,141.36,94,75
-36.439,143.6214,76,50
-36.6029,144.6259,100,115
-37.4591,144.9492,100,89
-36.7804,141.8964,76,49
-36.3487,145.5315,91,68
-36.3458,145.5386,80,54
-37.6196,142.99,84,58
-37.7927,143.0658,85,59
-36.3615,144.3989,74,48
-36.8174,142.6118,100,104
-36.403,142.103,74,48
-38.26,143.9602,58,40
-37.9916,143.8392,68,44
-37.9292,143.3923,79,52
-37.8849,143.3162,70,45
-37.7635,142.8181,61,41
-37.817,142.3724,79,53
-37.7982,142.2386,53,41
-37.4391,143.0293,66,43
-37.6161,141.2781,62,45
-36.5399,144.678,90,66
-36.8932,142.3395,72,46
-37.0653,141.0674,80,53
-36.8158,142.6229,97,80
-36.4518,144.7752,100,97
-36.2995,145.6342,74,48
-36.7903,141.618,90,67
-36.6716,141.3451,75,55
-36.2784,143.2794,74,48
-35.1842,141.0716,84,58
-35.6389,142.3677,83,57
-35.7981,142.7297,85,60
-35.9688,144.1505,74,48
-36.0325,145.7562,84,58
-36.0318,145.7492,73,47
-36.5824,142.2004,74,48
-36.6777,141.37,62,49
-36.6701,141.3566,61,50
-36.1067,143.7948,97,79
-36.1441,145.2221,89,65
-36.7469,141.3318,86,61
-36.3463,144.0984,76,49
-36.6914,140.9792,81,55
-36.3445,144.11,85,59
-36.1574,144.3672,70,45
-36.163,144.0295,81,55
-36.2767,143.2906,86,60
-36.4503,141.557,81,54
-36.4816,141.6635,94,75
-36.4831,141.6521,75,48
-36.0837,144.2448,100,87
-36.4373,143.6328,67,43
-36.6136,142.5022,81,54
-36.786,141.4403,81,55
-36.3634,144.3871,72,47
-36.782,141.8851,90,67
-36.4392,144.2111,69,44
-36.8452,141.4882,86,60
-36.9116,141.2589,72,46
-36.3979,144.749,74,48
-36.1965,145.9372,78,52
-36.0935,146.5158,86,61
-36.3874,144.8724,78,51
-36.1439,146.4702,72,46
-36.5586,144.0423,92,71
-36.5568,144.0538,90,68
-36.4538,144.763,97,81
-36.4631,144.7654,86,61
-36.4612,144.7775,91,80
-36.3275,145.5876,68,44
-36.1833,143.542,81,55
-36.7089,143.3518,100,93
-36.6685,143.7412,79,52
-36.6529,143.9035,100,112
-37.0039,141.5336,76,49
-36.9357,142.0353,75,48
-36.5418,144.666,70,45
-37.073,141.0811,87,61
-36.3089,146.1139,74,48
-36.9875,141.9298,68,44
-36.9514,142.1899,79,52
-36.7754,143.5261,68,44
-36.601,144.6378,97,80
-36.9355,142.5639,73,47
-36.4097,145.8952,84,58
-36.4074,145.9085,74,48
-36.7308,144.0007,80,54
-36.6303,144.695,72,46
-36.8416,143.4597,79,52
-37.2054,141.1083,61,41
-37.1089,141.8394,62,42
-36.8681,143.5186,95,76
-36.8664,143.5299,100,110
-36.9526,143.0137,79,53
-36.8759,143.8985,77,51
-36.9834,143.4938,82,56
-36.7804,145.1698,66,45
-37.1965,142.6638,71,46
-37.1949,142.675,68,44
-37.0752,143.6154,100,108
-37.2017,143.8117,88,64
-37.1999,143.8231,100,90
-37.3863,142.8822,85,59
-37.4407,143.018,83,56
-37.471,143.0016,74,48
-37.4784,143.015,62,47
-37.5284,143.0438,79,52
-37.5358,143.0572,66,43
-37.5077,143.2495,59,40
-37.5389,143.1632,57,53
-37.5496,143.154,79,61
-37.6073,142.8819,83,57
-37.7037,142.3299,62,41
-37.6171,142.9426,91,68
-37.6261,142.9447,85,59
-37.8076,142.1698,81,54
-37.8167,142.1718,86,61
-37.8057,142.252,75,49
-37.6683,143.3466,77,51
-37.7619,142.8294,71,46
-37.7587,142.8521,84,80
-37.7457,142.9428,80,53
-37.8169,142.5723,74,48
-37.5837,144.1565,59,40
-37.4611,144.9371,91,69
-37.9158,141.9147,61,41
-37.9143,141.9264,61,41
-37.7862,142.9823,67,43
-37.7845,142.9936,86,60
-37.7416,143.2885,61,41
-37.7943,143.0545,70,45
-37.8131,143.1175,69,45
-37.8759,143.3141,63,45
-37.8343,143.6581,72,46
-38.0254,142.3959,100,99
-37.9359,143.3468,51,38
-37.9309,143.381,68,44
-37.8817,143.7119,88,63
-34.5389,141.7032,79,53
-37.88,143.7233,89,65
-34.5457,141.7102,84,58
-34.5442,141.7211,62,52
-37.8885,143.9157,99,85
-37.885,143.9387,71,46
-37.9422,143.6199,53,39
-37.9825,143.837,83,57
-35.0706,141.4435,95,75
-38.0795,143.2449,100,91
-37.1945,148.8074,83,57
-38.1128,143.6496,80,53
-35.1857,141.0604,100,92
-38.1544,143.7961,81,54
-35.186,142.5048,74,48
-35.1707,143.2276,73,47
-35.2791,142.5659,63,49
-38.219,143.7352,68,44
-35.4438,142.3809,79,52
-36.4045,142.0918,70,46
-38.2093,143.9237,57,40
-35.6469,142.376,100,93
-35.6453,142.387,91,69
-35.596,143.0385,78,51
-35.9034,141.862,76,50
-35.9124,141.8639,86,61
-35.8857,142.1212,74,48
-36.4409,141.6948,100,92
-37.9078,145.8655,100,111
-35.8055,142.7428,73,47
-37.9174,145.8678,100,93
-37.9152,145.8808,95,77
-35.7608,143.3545,54,47
-35.9508,142.1753,81,54
-37.8906,146.2035,95,75
-35.7786,143.469,84,58
-35.7768,143.4803,84,58
-35.7751,143.4916,86,61
-35.7859,143.4824,77,50
-35.7842,143.4937,79,52
-36.1078,141.7798,77,50
-38.2583,143.9717,62,41
-35.8707,143.474,72,47
-35.8182,143.8739,100,92
-38.2661,143.9672,83,56
-36.2648,141.1012,100,111
-37.9246,146.2464,100,96
-36.3313,141.0017,94,73
-36.3298,141.0133,71,46
-36.2857,141.3467,90,67
-36.2842,141.3581,87,63
-36.0749,143.4058,92,70
-36.3839,141.3032,83,56
-36.4393,141.7061,88,64
-36.4449,140.9836,91,68
-36.4541,140.9854,81,54
-36.3636,141.6612,81,54
-36.2583,142.4792,81,55
-36.2567,142.4903,82,55
-36.3972,141.6041,100,90
-36.5532,142.5349,90,67
-36.1367,145.2071,92,71
-36.6843,141.5899,65,43
-36.0296,145.7624,76,49
-35.2465,143.4426,64,42
-35.2432,143.4496,58,44
-36.3879,141.4277,82,55
-36.1518,144.0233,96,79
-36.1418,144.0261,95,76
-34.5396,141.7292,65,43
-34.532,141.7257,63,42
-35.7073,143.1849,93,43
-35.4309,142.3626,67,36
-35.4407,142.3644,57,35
-35.7058,143.1971,76,38
-37.594,142.6933,100,106
-37.4755,142.6339,67,43
-37.5799,142.7451,84,58
-36.7453,141.4578,54,39
-36.7038,141.0498,50,39
-37.4785,142.6307,70,45
-37.7578,142.227,60,40
-37.5812,142.7374,94,75
-36.8083,142.0219,67,44
-37.5949,142.6857,100,98
-36.714,141.1485,61,41
-36.7318,141.4603,70,45
-36.907,143.508,74,48
-37.8247,143.6243,95,77
-36.6385,142.5297,68,44
-36.9179,141.3095,59,40
-36.6229,144.0143,75,49
-35.92,142.0347,71,46
-36.6407,142.4914,87,63
-37.4028,143.6932,95,75
-36.6507,142.4998,86,61
-37.4033,143.6884,92,70
-36.8292,142.1692,84,58
-36.1456,141.9066,84,58
-36.6348,142.4985,70,45
-36.6802,142.5406,100,106
-36.0888,143.4782,83,56
-36.8272,142.2097,84,57
-37.3654,143.8156,65,42
-36.6188,144.0402,69,44
-37.4047,143.6615,69,45
-36.2367,141.3998,65,42
-36.4469,144.7952,78,51
-36.5234,144.6939,62,41
-36.9049,143.5416,85,59
-36.6803,141.0957,60,44
-36.9547,142.6934,72,47
-37.8249,143.6174,100,98
-36.7866,142.1989,65,42
-36.6292,143.8862,65,43
-35.7937,143.195,68,44
-36.9142,141.3013,57,40
-36.835,142.2027,87,63
-36.8372,142.1622,77,50
-36.6306,143.8908,68,44
-35.7918,143.1997,71,46
-36.6209,144.0096,72,47
-36.6823,142.5024,93,71
-37.3586,142.9087,59,40
-36.9524,143.7501,60,40
-37.0643,141.8567,50,40
-36.89,143.5402,82,55
-36.9228,142.0572,75,49
-36.9326,142.054,74,47
-36.2403,141.4047,64,42
-36.4489,144.7685,93,73
-36.6776,141.0877,56,44
-37.8271,143.5831,100,111
-37.7929,143.1197,64,42
-37.7972,143.1153,64,42
-36.873,142.568,72,46
-37.3656,143.8206,59,40
-36.1476,141.8655,72,46
-36.0754,141.6716,72,46
-36.0744,141.6649,79,52
-36.2282,145.9074,67,43
-36.0831,146.5514,76,49
-36.3499,146.1402,53,41
-35.1113,141.1635,72,46
-36.0775,146.5674,72,46
-35.1132,141.1516,74,48
-36.4439,145.8846,56,39
-36.0818,146.5461,57,44
-35.1064,141.1556,79,52
-36.2562,143.2599,81,54
-36.353,143.3506,84,58
-36.018,143.2048,85,60
-36.343,143.3479,50,40
-36.1751,142.7831,67,43
-36.4606,141.0562,55,39
-36.4624,141.0446,78,51
-36.0156,143.2188,66,43
-36.1398,141.7793,62,47
-35.2068,143.2912,68,44
-35.1145,141.2627,76,49
-36.3579,146.1268,63,42
-35.1164,141.2508,78,52
-36.0787,146.5728,60,40
-37.9796,146.8024,62,41
-37.34,149.3668,67,74
-37.8567,147.1576,62,48
-36.7287,142.6017,99,85
-35.2363,143.0004,91,69
-37.4368,149.1191,56,52
-35.2378,142.9864,100,94
-35.2397,142.98,80,59
-36.2115,141.6878,77,50
-37.9408,146.0611,58,47
-37.6994,146.2162,59,40
-36.2726,145.506,77,50
-35.2381,142.994,98,83
-36.7199,142.5844,63,56
-37.3493,149.3691,66,80
-37.6447,148.6039,61,50
-36.7165,142.6155,90,66
-36.7076,142.5982,73,47
-36.5652,145.5105,80,54
-37.7009,146.2046,80,53
-36.4023,145.7705,80,58
-36.7394,147.1366,78,44
-37.3257,149.1209,85,41
-37.3176,149.3776,76,43
-36.7507,147.1308,80,39
-37.3268,149.3795,94,49
-36.7606,147.1326,75,41
-35.6961,143.1935,61,35
-37.3252,149.3911,86,41
-37.3314,149.1283,65,35
-36.3477,144.533,86,41
-37.3191,149.366,97,45
-37.3359,149.3816,51,48
-37.3526,149.3972,66,43
-36.7408,147.1243,100,49
-36.762,147.12,92,43
-37.3344,149.3933,68,47
-37.3283,149.368,74,43
-37.3511,149.4088,61,46
-37.3085,149.3756,76,38
-36.7508,147.1254,66,39
-36.7309,147.1227,89,42
-37.8361,142.7482,80,54
-37.8277,142.7498,72,46
-36.1031,143.0782,63,45
-36.1025,143.0825,66,43
-36.701,141.6351,80,53
-36.7034,141.6168,71,46
-36.698,141.6416,81,54
-36.7054,141.6708,75,48
-36.6999,141.6955,79,52
-36.7314,141.8698,67,44
-37.7931,148.385,64,58
-37.2168,147.4748,100,89
-37.222,147.4689,96,78
-37.7974,148.5498,60,53
-37.2063,147.4713,92,70
-37.2082,147.4368,92,70
-37.224,147.4347,95,76
-37.2185,147.4402,100,106
-35.6778,143.1774,97,45
-37.5816,148.5862,84,65
-36.6334,142.2244,92,69
-37.7966,142.3196,76,66
-35.805,142.1326,100,95
-37.8429,143.8366,100,88
-35.8125,142.1286,75,109
-37.8062,143.3598,77,65
-35.9049,143.6874,81,54
-36.9918,141.8667,100,97
-35.1476,141.819,86,60
-36.1104,145.9829,90,76
-37.782,148.3844,100,99
-37.9754,143.3964,83,57
-36.241,143.1229,75,53
-37.7069,142.1573,66,53
-36.0834,146.5364,50,53
-37.394,143.5541,83,64
-36.9902,141.879,89,65
-37.745,142.993,89,65
-37.1839,143.8112,89,64
-37.0788,143.9102,78,51
-36.3557,141.3268,62,52
-36.0157,145.9414,92,70
-37.6104,147.8367,62,42
-37.9229,143.647,64,63
-37.5052,142.8636,62,54
-37.777,148.4128,99,85
-37.5888,148.5949,93,72
-37.7322,145.9657,73,50
-34.3943,141.7567,89,65
-36.6095,142.7011,87,62
-36.053,145.8892,71,55
-36.2805,145.4377,85,60
-37.3785,145.6226,77,50
-37.7361,145.335,79,52
-34.3914,141.726,78,51
-36.4018,145.7195,83,56
-36.0844,141.4934,81,71
-37.8078,143.3482,85,60
-37.8297,142.4083,72,48
-36.3168,145.7285,100,103
-37.8177,142.9168,51,50
-36.031,145.6824,91,69
-36.3313,147.6089,74,52
-37.5814,148.5777,86,68
-38.3525,147.0408,72,56
-36.3739,141.3614,85,59
-37.5788,148.592,90,67
-35.8065,142.1209,75,53
-36.6384,142.4075,90,66
-35.1491,141.8073,74,54
-37.5842,148.5717,65,49
-37.9483,145.3937,70,51
-36.0328,145.6708,79,53
-35.811,142.1403,94,96
-37.977,143.3848,79,52
-38.0089,143.8976,64,45
-37.3072,147.5003,58,46
-37.8545,142.5132,100,115
-36.7381,141.4541,84,58
-36.9034,141.0013,100,95
-37.7746,148.3673,88,65
-37.3556,146.1085,50,47
-37.5036,142.8753,83,63
-37.6531,147.8262,71,45
-37.3189,145.5894,81,60
-37.803,142.3151,83,78
-37.6806,143.2676,59,51
-37.8158,142.5177,76,63
-37.7542,142.9949,96,77
-37.3803,145.611,91,68
-37.7617,143.081,97,81
-37.805,142.8233,82,56
-37.853,142.5253,94,104
-37.8161,142.9286,92,71
-37.7212,145.9754,58,52
-38.3343,143.8644,59,43
-38.3327,143.8759,77,50
-37.8407,147.1609,77,51
-35.9065,143.6763,75,49
-36.4339,141.5458,87,62
-36.1532,141.3284,76,53
-35.723,142.063,64,54
-35.124,142.0757,81,61
-35.1383,141.8172,50,53
-35.0644,141.2548,77,59
-36.357,141.2363,80,53
-36.4149,141.0156,85,60
-36.4133,141.0286,52,47
-36.3882,141.7197,75,64
-36.4287,141.5508,71,47
-36.0387,145.6787,90,67
-36.0663,145.6855,87,62
-36.6349,142.2125,94,86
-36.6492,142.3976,66,60
-36.608,142.7127,84,57
-36.1757,145.7544,87,62
-36.0765,146.4896,69,46
-36.0799,146.529,57,44
-36.9018,141.0146,100,100
-36.6986,142.7259,86,72
-36.8986,141.6385,72,52
-36.8632,142.5802,60,60
-37.1248,141.8795,71,52
-36.649,145.5037,74,48
-37.1929,143.8132,59,45
-37.1992,146.2301,68,60
-37.5914,148.5807,63,61
-37.7496,148.3898,64,46
-37.7697,148.336,81,57
-36.4324,141.5582,77,52
-38.0052,142.6179,94,89
-38.3557,147.0372,78,52
-35.4509,143.1522,73,47
-38.0962,146.9724,73,47
-35.4625,143.1486,67,44
-38.0942,146.9603,52,39
-38.3499,147.033,61,35
-38.2003,146.8378,100,58
-37.4583,148.2459,81,39
-37.6784,146.1432,93,44
-37.4492,148.2438,100,47
-38.2153,146.8652,82,40
-36.7652,147.1289,78,39
-35.6922,143.1619,100,49
-38.2094,146.8398,100,55
-35.2464,141.1143,98,45
-38.2078,146.8515,100,55
-35.7024,143.1637,81,39
-38.3483,147.0446,70,37
-37.4015,145.5947,88,42
-38.2169,146.8535,80,39
-37.6435,146.1417,66,36
-37.6387,142.9032,87,88
-38.0045,143.9075,77,64
-37.7522,142.3183,66,50
-36.9396,141.9303,66,45
-37.6439,142.913,93,83
-37.78,141.8091,65,42
-37.7767,141.8127,68,44
-38.1756,143.9829,65,53
-37.7795,148.4084,79,53
-37.3165,147.4932,93,72
-36.9373,142.5327,70,45
-38.3553,147.0231,50,38
-36.934,142.5759,64,47
-37.3158,147.4986,95,76
-37.7916,148.4098,81,54
-37.4471,147.6331,89,65
-37.4024,145.5918,79,52
-37.79,143.3801,82,62
-37.7835,148.4138,90,66
-36.5465,142.0912,83,56
-38.0383,144.4307,59,40
-37.4449,147.6594,89,65
-37.7851,143.3753,83,64
-37.4323,147.6583,95,76
-37.4343,147.6327,100,92
-36.5475,142.0881,88,63
-36.9354,142.5807,69,45
-36.9405,142.8627,68,44
-37.0201,141.7743,76,54
-36.9446,142.8698,75,48
-37.0183,141.7818,71,49
-37.4169,145.5926,89,64
-37.6339,143.4108,69,46
-37.2162,146.2408,76,38
-36.087,141.7227,93,44
-36.0933,141.7154,63,35
-36.0852,141.7112,100,64
-36.3194,141.7531,88,63
-37.3601,145.8519,82,62
-36.1598,141.8841,88,64
-36.6936,145.2788,86,61
-36.1057,141.7608,100,120
-35.4033,143.267,90,67
-36.6281,142.4349,64,68
-36.111,145.124,85,66
-36.1615,141.8728,90,66
-37.3074,142.9925,81,54
-36.937,142.1176,61,50
-38.1868,143.0938,70,45
-35.2601,143.1931,77,50
-36.1849,145.9109,100,107
-37.2109,142.7966,74,52
-36.6951,145.424,50,43
-36.1376,145.84,76,55
-36.6965,142.7116,88,64
-37.0753,141.0532,79,52
-37.6714,144.2154,67,46
-37.4465,143.5163,70,50
-38.0494,143.9141,63,58
-38.1356,143.7098,72,50
-37.3632,145.8356,75,53
-36.6078,141.9742,88,63
-37.3765,145.8221,87,62
-36.0694,141.5717,72,54
-36.1122,142.1491,90,76
-36.401,145.5113,77,55
-37.9048,145.7738,76,49
-37.3735,145.8384,100,95
-35.4128,143.2693,83,57
-36.8848,142.1523,70,51
-35.4255,143.6306,89,65
-36.1198,145.6369,79,52
-38.4879,143.9971,54,40
-36.1955,145.914,96,78
-35.4533,143.2029,85,66
-35.4993,143.3105,84,57
-36.5989,141.9771,92,81
-37.4485,143.5041,81,54
-37.1744,143.9256,63,43
-36.104,141.772,100,113
-36.4918,142.2465,69,54
-36.6663,143.2603,80,58
-36.0189,145.6844,75,49
-35.7523,143.8866,85,59
-36.6538,142.7552,72,53
-36.6299,142.4234,66,71
-36.0994,143.4156,82,62
-36.8395,142.2188,82,62
-36.9294,142.7087,78,51
-36.1439,145.832,53,50
-36.1925,145.93,97,79
-37.8351,145.9789,86,61
-36.095,141.7699,98,82
-36.7848,141.9044,85,61
-36.6962,145.2642,84,58
-37.1089,143.0783,82,55
-36.7009,141.541,54,49
-36.4604,142.1623,70,48
-36.343,142.1986,100,123
-36.2906,141.758,82,55
-36.114,142.1377,100,118
-37.5436,143.6122,80,54
-36.6006,141.9657,96,78
-36.4611,143.146,55,48
-37.0769,141.042,93,72
-36.3521,142.2008,100,120
-36.3539,142.1894,53,53
-36.883,142.1637,79,67
-36.0973,143.4279,87,92
-36.7722,141.5514,79,58
-37.0081,141.7654,66,62
-36.0967,141.7587,100,101
-36.4204,141.3765,73,57
-36.2889,141.7692,64,51
-35.4439,143.2005,74,54
-36.6228,142.428,67,43
-36.2205,141.7933,81,54
-38.1177,143.6409,60,40
-36.1819,145.9269,100,98
-35.4594,143.7125,72,46
-34.2708,141.6158,79,52
-35.4616,143.7251,80,53
-36.1141,141.6787,72,37
-37.8046,146.0304,91,43
-37.9068,145.9047,83,40
-36.1156,141.6664,100,62
-37.8064,146.0189,96,45
-37.0221,141.5517,76,50
-37.3735,145.886,87,96
-37.5422,143.2276,75,49
-37.7465,143.3806,93,72
-37.3094,146.1945,77,60
-36.7199,141.3946,82,55
-35.7638,142.1215,79,52
-36.1534,141.5948,88,64
-37.8072,145.9738,95,77
-37.3704,145.8942,96,78
-37.297,143.5753,100,93
-36.9172,142.0472,71,45
-37.8668,143.0472,69,44
-37.7602,143.382,68,44
-37.7529,143.3745,85,59
-37.7885,142.9509,66,43
-34.2714,141.6197,74,48
-36.1698,142.0536,84,58
-37.2988,143.5487,100,90
-37.3716,145.9065,100,115
-37.8662,143.251,71,46
-36.4291,141.2426,86,61
-37.2891,143.5697,76,50
-37.3025,143.5714,100,98
-37.383,145.9089,100,89
-37.7216,143.4272,85,59
-37.8717,143.3652,75,49
-37.8717,143.2566,66,43
-37.3851,145.8878,83,63
-37.7446,143.4085,89,66
-36.7159,141.3991,75,49
-35.7626,142.1167,87,62
-37.8011,144.7343,67,44
-37.8777,143.371,81,54
-37.7509,143.4023,98,82
-36.6085,142.4451,80,53
-37.3802,145.9147,100,103
-37.7974,145.9535,87,97
-37.0241,141.5163,67,43
-37.2912,143.543,66,43
-37.313,146.1561,52,46
-38.0226,143.6739,56,39
-35.7657,142.0906,90,66
-37.9029,143.5946,73,47
-36.9151,142.0798,77,50
-37.9112,143.6025,85,61
-37.8089,145.9555,56,41
-37.9009,143.6217,62,45
-37.7583,143.41,70,45
-37.7836,142.9437,69,44
-37.7236,143.3995,99,86
-37.5402,143.2559,76,50
-37.3046,143.5448,93,72
-37.0484,141.6245,52,42
-36.911,142.1445,68,47
-36.4312,141.2064,95,76
-36.1702,142.0586,86,60
-36.1722,142.0266,73,47
-36.1556,141.5904,89,65
-35.7598,143.851,72,46
-35.7609,143.8442,82,55
-35.7647,142.0858,89,65
-34.2536,141.6199,67,46
-34.2674,141.6183,77,51
-36.7885,142.1258,71,46
-34.2594,141.6139,81,54
-34.2614,141.6412,57,43
-36.3872,145.3858,60,40
-36.6664,145.2554,79,52
-36.6688,145.2635,73,47
-36.494,145.4522,63,41
-37.324,146.1647,60,46
-36.1948,145.7688,73,50
-36.2721,146.847,70,45
-36.1017,147.6381,71,46
-36.1256,145.2444,77,53
-36.2044,145.7706,58,51
-36.5245,143.1556,57,43
-36.1002,147.6494,50,39
-36.916,142.0521,82,55
-36.9116,142.0732,87,62
-37.3226,143.5442,78,51
-36.9103,142.1409,73,47
-37.7074,143.3065,82,56
-36.7056,145.2481,71,45
-36.163,145.98,79,53
-36.1722,145.9429,74,48
-36.1558,145.9723,80,53
-36.1649,145.9352,68,44
-36.0436,145.7964,68,44
-36.0362,145.7984,70,45
-37.5021,142.8861,71,48
-36.8834,142.2701,76,50
-37.3301,143.5514,86,61
-36.888,142.2484,79,52
-36.7134,145.2151,52,38
-36.7028,145.2519,61,44
-37.561,143.242,51,38
-37.982,143.6422,56,42
-34.2636,141.6328,81,54
-34.2568,141.64,51,42
-34.2648,141.6325,69,51
-36.4721,142.2586,88,64
-36.7241,141.0073,72,46
-38.004,143.9249,86,60
-36.4557,142.2434,92,71
-36.8009,142.7259,95,76
-36.4737,142.2474,74,55
-36.8099,142.728,93,73
-36.8202,141.9362,76,50
-36.9576,141.5387,70,45
-36.811,142.2655,83,56
-34.395,142.0522,80,54
-36.7806,141.5597,94,74
-37.639,142.0648,79,52
-36.7791,141.5711,72,46
-34.3526,141.6458,98,82
-36.8189,142.73,81,54
-37.0924,141.897,97,80
-36.4827,142.2494,77,51
-37.6195,143.4212,53,46
-34.386,142.0503,81,54
-36.8293,141.9382,79,52
-36.4573,142.2323,88,63
-37.4996,142.5966,87,62
-34.4501,141.4699,79,52
-37.9452,143.5834,97,80
-37.9526,143.597,100,107
-36.4811,142.2606,77,50
-36.4483,142.2303,76,49
-37.6269,143.4348,100,108
-36.7131,142.4338,82,55
-34.351,141.6567,99,86
-35.0917,141.1508,77,50
-36.6798,141.1299,76,50
-36.8218,141.9249,81,55
-36.82,142.2675,80,53
-37.094,141.8857,83,57
-37.5012,142.5853,100,90
-37.6376,143.4255,63,48
-37.8328,142.5142,72,46
-37.8051,143.0309,87,62
-37.9247,142.8999,97,81
-37.9231,142.9113,85,59
-37.9435,143.5948,88,63
-38.0221,143.9294,87,62
-37.1609,149.0754,84,58
-36.4541,142.2546,73,51
-36.4513,141.4191,79,52
-36.4422,141.4172,69,46
-35.0805,142.4642,97,81
-36.7257,140.9956,78,51
-35.0821,142.4532,83,57
-36.6783,141.1415,78,51
-34.3616,141.6477,85,60
-34.342,141.6548,55,54
-37.665,142.1339,74,48
-38.0564,142.8525,74,48
-38.018,143.899,81,54
-38.1131,143.7173,68,44
-38.1106,143.7314,80,53
-37.8289,145.9315,75,49
-38.0652,142.9781,81,54
-37.522,143.3874,71,73
-38.0674,142.965,91,68
-38.0715,142.9591,92,70
-38.0693,142.9722,100,89
-37.9488,143.8882,82,55
-37.9462,143.9026,87,62
-37.8469,143.5343,60,50
-37.8468,142.8775,84,58
-37.1956,141.0252,67,44
-38.0542,142.8655,74,48
-37.8025,145.8702,76,49
-37.8992,143.4534,62,54
-37.8758,145.8371,78,52
-37.8973,143.4754,82,65
-37.7829,143.5056,87,62
-37.7805,143.5003,95,75
-37.5629,144.752,85,59
-37.8122,146.0807,100,111
-37.8774,145.8213,95,77
-37.5742,144.7536,75,49
-37.8881,145.8229,100,99
-37.5612,144.7701,73,49
-37.9022,143.4607,57,57
-37.1603,142.8088,65,50
-37.1684,142.8183,55,48
-37.6605,142.1116,85,60
-37.9164,143.4866,58,54
-37.6622,142.1001,96,79
-37.9257,143.4891,63,54
-37.3982,147.0001,64,58
-37.4523,147.0175,90,66
-37.4023,147.0394,59,56
-37.4336,147.0534,60,51
-37.4003,147.0448,61,55
-37.9184,143.4745,53,55
-37.3911,147.037,61,50
-37.4261,147.0323,98,83
-37.3949,147.0175,100,91
-37.671,144.6536,84,58
-37.9277,143.477,66,55
-37.4224,147.0511,100,113
-37.6625,144.287,92,70
-37.4375,147.0336,100,106
-37.4414,147.0139,73,60
-37.4295,147.0428,77,59
-37.3942,147.0455,60,44
-37.4313,147.0343,64,37
-37.017,148.1297,100,121
-37.0155,148.1432,97,80
-34.3383,141.543,76,56
-36.7152,141.3853,94,74
-34.328,141.5402,78,58
-36.6867,141.137,84,59
-36.6889,141.1239,76,50
-36.7128,141.3986,86,60
-37.4108,147.0196,76,50
-37.4058,147.0117,74,48
-37.4075,147.0233,52,43
-37.0228,148.1281,66,43
-37.002,148.2055,51,44
-37.0249,148.1561,75,49
-37.4098,147.0489,70,45
-34.357,141.5361,90,67
-34.3539,141.5547,93,72
-36.9939,148.2244,90,68
-36.998,148.1994,73,48
-36.9959,148.2118,95,75
-34.3654,141.543,89,65
-37.0228,148.1996,73,52
-34.3539,141.5629,81,55
-34.3554,141.5413,96,79
-34.3555,141.5495,94,75
-37.0286,148.155,56,42
-37.0316,148.1519,52,35
-37.4157,147.0084,94,105
-37.0193,148.1459,84,71
-37.4229,147.027,100,99
-37.0055,148.1582,80,68
-37.4128,147.0242,85,98
-37.223,147.9431,100,105
-37.2252,147.9363,100,109
-37.2284,147.9187,94,73
-37.6572,142.0703,97,80
-37.6592,142.058,81,55
-36.2544,148.0353,55,42
-37.2197,147.9621,54,43
-37.2128,147.9308,74,48
-37.996,146.3535,86,41
-37.7171,147.5866,54,44
-37.7074,147.5849,78,55
-37.7885,141.9352,68,55
-38.1031,142.4797,75,48
-37.7752,141.9086,88,64
-34.3795,141.6331,87,62
-34.3735,141.6604,85,59
